title,upvotes,comments,time,author,subreddit,thread
"Weekly Entering & Transitioning - Thread 16 Oct, 2023 - 23 Oct, 2023",5,91,120,AutoModerator,self.datascience,Meta
self.datascience,43,30,7,Substantial_Page,self.datascience,Discussion
Ex manager sort of threatened me,42,39,9,ssiddharth408,self.datascience,Discussion
self.datascience,37,46,8,saabiiii,self.datascience,Networking
Is pytorch not good for production,0,4,24,_CynicalCyanide,self.datascience,Discussion
self.datascience,11,9,1,Ok-Cucumber-3932,self.datascience,Discussion
Feeling lost and miserable as a CS grad,77,71,5,Accomplished_Ad_5697,self.datascience,Discussion
self.datascience,7,2,18,Odd_Discipline9354,self.datascience,Discussion
Where do the data nerds hang out?,11,12,6,X_Drake,self.datascience,Discussion
self.datascience,0,1,24,Massive_Shoulder_386,self.datascience,Discussion
Math and comp sci a good double major for a future career in data science?,237,115,12,InevitableTraining69,self.datascience,Discussion
self.datascience,25,9,1,abelEngineer,self.datascience,Discussion
Why should I learn Java if Python have libraries offset it shortfall?,2,15,24,ALESS885,self.datascience,Discussion
self.datascience,0,0,19,asxvi_,self.datascience,Tooling
Is handling errors with Random Forest more superior compared to mean or zero imputation?,3,1,8,paddy_m,self.datascience,Projects
self.datascience,1,0,3,bennymac111,self.datascience,Discussion
How often do companies outsource for entry-level data roles?,4,1,6,Total-Opposite-8396,self.datascience,Discussion
self.datascience,0,0,3,FedericoCalo07051998,self.datascience,Discussion
Suggest me a Spatial Data Science Masters Program,0,2,14,LifeisWeird11,self.datascience,Discussion
self.datascience,15,20,7,sshaginyan,self.datascience,Tooling
I have never had a manager in my entire career that provided any value to me,2,0,7,Snoo-34774,github.com,Networking
self.datascience,0,1,22,potatofriesss_1,self.datascience,Discussion
DS to MLE,29,19,11,Ok_Sprinkles8216,self.datascience,Tooling
self.datascience,1,0,7,the_current_solution,youtu.be,Discussion
Should I get a master in statistics?,3,1,24,NotaCrazyPerson17,self.datascience,Discussion
Seeking Entry-Level Data Analyst position,5,12,19,Infinite-Bowler-2111,i.redd.it,Discussion
i.redd.it,2,3,15,jaegarbong,self.datascience,Discussion
ML Theory - How do I prepare for interviews?,1,2,12,CrazyProfessionalp,self.datascience,Projects
self.datascience,0,1,6,fabrcoti,self.datascience,Projects
Tips for building a Wiki-type platform for a company that also features a Dashboard?,0,0,12,Dark-League98,self.datascience,Discussion
self.datascience,56,64,24,WhoStealedMyUser,self.datascience,Discussion
In Demand Stack?,33,16,24,SHJPEM,self.datascience,Fun/Trivia
self.datascience,8,37,24,Leather-Astronomer49,self.datascience,Discussion
Data science/analytics internship/job,14,13,24,SaiyWolf,self.datascience,Discussion
self.datascience,0,0,24,Acceptable_Emu2124,self.datascience,Projects
People say to get your foot on the door. But at what cost?,23,51,16,Ty4Readin,self.datascience,Discussion
self.datascience,0,1,24,suirenn2294,self.datascience,Projects
What's one file or other digital resource which if deleted would most affect the world?,0,0,24,Abcsunny95,self.datascience,Projects
self.datascience,0,15,16,Careful_Engineer_700,self.datascience,Discussion
How important is the school you went to?,0,2,11,Successful-Rub5977,self.datascience,Networking
self.datascience,1,0,9,SaiyWolf,self.datascience,Discussion
SQL got really rusty. Need help,0,1,9,reallyconfusedguy123,self.datascience,Discussion
self.datascience,3,5,20,Different-General700,self.datascience,Tooling
Need a nlp mentor to specialise in gpt and current trends. I am practically lost in the content and products now available. I need someone to guide through this sea of concepts to a structural learning with less noise.,25,15,16,Stochastic_berserker,self.datascience,Discussion
self.datascience,4,0,24,Sudden_Beginning_597,self.dataengineering,Projects
Dataset splitting by time & why you should do it,2,2,24,BeginningDeer4329,self.datascience,Discussion
self.datascience,1,0,24,Str8d8,self.dataanalysis,Discussion
Need help for science project!,0,0,24,jackzh2011,self.datascience,Projects
self.datascience,0,22,22,AggravatingSyrup8146,self.datascience,Discussion
why data preprocessing is very hard to know ? what gaining knowledge data is not easier,1,3,24,Usual-Goat,self.datascience,Projects
Need help with predicting dependent variable,0,1,24,Purple-Ham,self.datascience,Projects
self.datascience,11,14,24,EthicalArtisan,self.datascience,Discussion
Any data imputation technique shares?,0,0,24,bivas_bisht,self.datascience,Discussion
self.datascience,7,19,24,Difficult-Big-3890,self.datascience,Discussion
RAG(Retrieval Augmented Generation),37,27,24,David202023,self.datascience,Discussion
self.datascience,0,19,48,LiterateSeagull,self.datascience,Projects
Do you use CRUD or like apps to bridge the gap between business users and DS/DA teams?,0,0,24,NA,forms.gle,Projects
self.datascience,0,7,24,x0abdulrahman,self.datascience,Discussion
[rant] Required - A designated tread for transitioning to DS and repeating questions,0,17,24,masterofalltrades-,self.datascience,Discussion
self.datascience,11,26,24,jerryjerrysons,self.datascience,Discussion
Can you fit a code in a gamble?,29,20,48,19andoverlol,self.datascience,Discussion
self.datascience,2,3,48,honghuiying,self.datascience,Discussion
Graduate projec,287,156,24,HStuart18,self.datascience,Discussion
forms.gle,3,2,24,Consistent-Design-57,self.datascience,Discussion
Average Salary for Sports Analyst in Soccer or Baketball after Masters in Sports / Business Analytics in the US,45,40,72,Kilroy_was_here__,self.datascience,Discussion
self.datascience,171,66,24,WadeEffingWilson,self.datascience,Discussion
Can a bachelor's in Data science from a good university qualify me for a master's in computer science?,36,42,48,jujuman1313,self.datascience,Discussion
self.datascience,3,2,72,Turbulent-City-9377,self.datascience,Projects
Predictive vs Explanatory modeling,23,14,72,mesheaa,self.datascience,Discussion
self.datascience,1,0,72,EagerMonkey,self.datascience,Projects
Use cases of Advanced Math in Data Science and Machine Learning,54,53,48,MandM-DataScience,self.datascience,Discussion
self.datascience,0,18,24,treaty_tonvis,self.datascience,Discussion
Sharing large files for collaboration,2,5,72,CursorInsight,self.datascience,Discussion
self.datascience,146,152,48,_degamus_,self.datascience,Discussion
Where are all the entry level jobs? Which MS program should I go for? Some tips from a hiring manager at an F50,1,1,72,Sea-Bodybuilder-1277,self.datascience,Discussion
Project ideas that combine Data Science (Data Analytics) and Digital Marketing,2,4,72,The_powerful_onion,self.datascience,Projects
self.datascience,6,1,72,RecoverMotor,self.datascience,Discussion
Microsoft Azure,96,58,96,wildwildwildebeast,self.datascience,Discussion
self.datascience,2,2,72,cdtmh,self.datascience,Discussion
Interview Take Home task seemed unreasonable,4,4,72,Asleep-Fun-6508,self.datascience,Discussion
self.datascience,4,1,72,jaegarbong,self.datascience,Projects
Pricing Analysis Career Progression to Data Science,12,10,72,relativefluffy,self.datascience,Discussion
self.datascience,1633,97,120,softwareitcounts,i.redd.it,Meta
Forecasting sales,0,0,72,Jogy-Bogy,old.reddit.com,Projects
self.datascience,2,0,72,zurdosios,self.datascience,Discussion
How can I show knowledge in topics I haven't worked on professionally?,4,5,24,confused_student2019,self.datascience,Discussion
self.datascience,16,17,72,MultiPass10,self.datascience,Discussion
Where do you start if you are new to mathematical models,0,16,96,7sidedleaf,self.datascience,Discussion
self.datascience,0,0,72,CanberraMogul,self.datascience,Discussion
Meme Mondays,67,82,72,Round_Inflation_2199,self.datascience,Discussion
i.redd.it,3,1,96,DanRobin1r,self.datascience,Discussion
Mainspring - Routine Planner,0,1,72,NFTHUNTERXX,self.datascience,Projects
old.reddit.com,1,0,72,redd-dev,self.datascience,Discussion
"DAGitty Question: Testable Implications only describes independencies, but not dependencies",1,0,72,IamFromNigeria,self.datascience,Projects
self.datascience,4,2,72,Administrative_Bar46,self.datascience,Discussion
job switch advice,1,35,96,Rcpiv,self.datascience,Discussion
self.datascience,2,2,72,SpecialEngineer7951,github.com,Projects
"Converting XGBoost decision models to ""if-then"" statements",1,4,96,spx416,self.datascience,Discussion
self.datascience,14,36,72,VGFenohmen,self.datascience,Projects
Question for Data Scientists in their day to day work,2,1,96,After_Reception1696,self.datascience,Discussion
Feedback on my MVP project - Pre-Recorded Standardized Video Interviews Job Site for Data Professionals,1,0,96,glassAlloy,self.datascience,Projects
self.datascience,6,6,96,Whole-Ad-8370,self.datascience,Discussion
What does it mean to get a take-home assignment before screening call?,0,3,24,Medical-Author-8166,self.datascience,Fun/Trivia
self.datascience,147,79,96,Expendable_0,self.datascience,Discussion
Is the 30th percentile of a standard normal distribution closer to one standard deviation below the mean or two standard deviations below the mean?,1,3,120,Chadsmithbass,self.datascience,Discussion
self.datascience,2,2,24,brw12,self.datascience,Discussion
Why employers want experience over education,3,13,96,Cryptocheets,self.datascience,Discussion
self.datascience,1,1,96,ratatsnow,self.datascience,Discussion
Anyone got interview call from Kodiak Robotics?,1,1,96,TheOmerAngi,self.datascience,Discussion
self.datascience,0,0,96,KobeOrNotKobe,self.datascience,Projects
"Q: How to extract learnings from my spreadsheets, beyond simple correlations?",2,1,96,niksteel123,self.datascience,Discussion
self.datascience,2,0,96,growth_man,moderndata101.substack.com,Tooling
Should data-scientists look for their own datasets or be provided by the hiring company?,111,48,96,MikeyCyrus,self.datascience,Discussion
self.datascience,1,3,96,forgotendream,self.datascience,Discussion
Time series data filtering - keep outliers and remove only flat trend,4,0,120,dec_dev,self.datascience,Discussion
self.datascience,22,29,96,Relative_Practice_93,self.datascience,Discussion
Does anyone have a good glossary for data science?,1,0,96,CursorInsight,self.datascience,Discussion
self.datascience,12,1,120,shayanjm,self.datascience,Projects
Live 2023 Election Results (Also Future Results),5,7,24,throwaWayne2,self.datascience,Tooling
self.datascience,1,12,96,SaxTeacher1988,self.datascience,Projects
Shared Public Contextual Database for RAG,13,9,120,Illustrious-Class-65,self.datascience,Discussion
self.datascience,72,34,96,n96j77,self.datascience,Discussion
How to Build Data Products? Deploy: Part 3/4 - Doubling down on the power of Unified Experiences,5,0,96,dmalyugina,self.datascience,Projects
moderndata101.substack.com,0,6,120,Awkward-Block-5005,self.datascience,Discussion
How many companies actually have a clear plan for their data?,8,12,120,IGetToSkrtWhenIWant,self.datascience,Discussion
Popularity of Data Visualization tools mentioned in data-science/ml job descriptions,8,2,120,pg860,self.datascience,Tooling
self.datascience,22,13,120,Much-Focus-1408,self.datascience,Discussion
What are the best sites to review DS topics/study for interviews?,55,36,144,daufoi21,self.datascience,Discussion
self.datascience,113,74,144,Puzzled_Implement_78,self.datascience,Discussion
Not getting noticed for data science jobs,209,132,144,BladeClickerQQ,self.datascience,Discussion
self.datascience,2,0,24,benjaminwootton81,ensembleanalytics.io,Tooling
Do you folks Leetcode?,7,1,120,Green_Ad6024,self.datascience,Discussion
self.datascience,155,57,120,ah-know-knee-mousse,i.redd.it,Discussion
Will being data analyst in casino resort ruin my career?,1,2,144,Hasneverbeenhere,self.datascience,Discussion
self.datascience,25,2,120,combrade,self.datascience,Discussion
Forecasting Using Clickhouse Machine Learning Functions,3,2,144,getoutofmybus,self.datascience,Tooling
ensembleanalytics.io,1,0,24,G4L1C,self.datascience,Projects
Which Model is best for Word Embedding?,7,5,120,siliconBoy69,self.datascience,Projects
self.datascience,2,1,120,Individual-School-07,self.datascience,Projects
Is this normal qualification?,62,61,120,kafka399,self.datascience,Discussion
i.redd.it,1,5,120,Tasty_Potential7670,self.datascience,Discussion
"When using bagging or boosting to combine decision trees, which algorithm takes more time to train?",1,2,144,datasciencewithmarco,self.datascience,Projects
self.datascience,0,1,120,orangepie000,self.datascience,Tooling
Data Analyst at FAANG getting rejections for F500 Companies DS roles,1,0,120,CombinationThese993,self.datascience,Discussion
self.datascience,2,1,120,Green_Ad6024,self.datascience,Discussion
ML Engineering Courses/ Certs,1,0,120,StjepanJ,towardsdatascience.com,Fun/Trivia
self.datascience,1,4,120,you_ako,self.datascience,Projects
[Applied Data Science in Marketing] How to measure marginal returns and elasticity of marketing campaigns,2,0,120,arya_Kumar,self.datascience,Discussion
self.datascience,37,10,120,InterestingBasil,self.datascience,Discussion
Is my idea worth pursuing ?,6,2,120,Practical_Laugh6208,self.datascience,Discussion
"How to handle ""A.I."" obsessed management?",158,48,144,Equal_Astronaut_5696,self.datascience,Discussion
self.datascience,6,1,144,sn9691,self.datascience,Discussion
Opinions about the insurance industry?,1,5,120,gumiho34,self.datascience,Projects
self.datascience,1,1,120,Vegetable-Hospital79,self.gradadmissions,Discussion
Data science/analytics project idea for friend's business,9,32,144,Much-Focus-1408,self.datascience,Discussion
self.datascience,5,5,24,indiancaptainamerica,self.datascience,Discussion
MS in Statistics at East Bay location vs MS in Data Science in top 150 ranked University.,5,9,144,Objective-Test5021,self.datascience,Discussion
self.gradadmissions,12,13,144,Rebec1990,self.datascience,Discussion
Mgmt and team want me to put a model in production without data. What do I do?,1,2,24,CrazyProfessionalp,self.datascience,Discussion
self.datascience,5,3,144,Patient-Sun-5806,self.datascience,Discussion
Casual Inference,134,15,120,crattikal,self.datascience,Discussion
self.datascience,2,4,144,hellohibyebye13,self.datascience,Discussion
Is my experience not good?,3,0,168,TheFibonacci1235,self.datascience,Discussion
self.datascience,2,4,24,Zealousideal-Yak5547,self.datascience,Discussion
Data analytics leadership and imposter syndrome?,34,28,144,maple_enthusiast,self.datascience,Discussion
self.datascience,0,1,144,CrazyProfessionalp,self.datascience,Discussion
What is the best tool or way to measure uncertainties using machine learning ?,1,0,24,Humble_Engineer1124,self.datascience,Discussion
self.datascience,1,0,144,Alternative_bot,self.datascience,Meta
Get masters if my bachelors is in data sci?,16,15,144,krhymme,self.datascience,Discussion
self.datascience,0,4,24,No-Dot-6385,self.datascience,Discussion
Took me over a year but I finally got a data analyst job,2,0,120,alexey_timin,reduct.store,Tooling
self.datascience,13,28,144,WeirdDiscipline1862,self.datascience,Networking
c3AI data scientist interview,77,80,144,cptsanderzz,self.datascience,Discussion
self.datascience,2,0,144,xTH13M0x,self.datascience,Tooling
Tips on Data Science Jobs Abroad,0,5,144,Ordinary_Jelly_6344,self.datascience,Discussion
Finding ds job after life sciences degree,1,3,144,asatenata,self.datascience,Discussion
self.datascience,25,26,168,Historical_Leek_9012,self.datascience,Discussion
Do companies consider it cheating to Google/chat gpt stuff on hackerrank tests?,1,0,144,indusop,medium.com,Projects
self.datascience,1,0,144,Economy_Tap7557,self.datascience,Discussion
Interested about cricket and data science ? Here is my new article on medium about building the IPl Win Predictor from scratch please have a look!!,1,0,144,Informal-Assist2642,self.datascience,Discussion
medium.com,608,292,192,anon_throwaway09557,self.datascience,Discussion
Walmart Data Science Internship,2,1,24,Neurosymbolic,self.datascience,Projects
self.datascience,0,2,144,hassaan84s,self.datascience,Tooling
Comprehending Research Papers,1,0,144,sarmientoj24,self.datascience,Discussion
self.datascience,0,12,24,Talion07,self.datascience,Discussion
Warning to would be master‚Äôs graduates in ‚Äúdata science‚Äù,8,10,144,Careful_Till8105,self.datascience,Discussion
self.datascience,29,16,144,Much-Egg7130,self.datascience,Discussion
Supercharging Reinforcement Learning with Logic,0,8,24,604korupt,self.datascience,Discussion
self.datascience,27,21,168,Excellent_Cost170,self.datascience,Discussion
AI-based Research tool to help brainstorm novel ideas,0,0,168,CrazyProfessionalp,self.datascience,Discussion
self.datascience,0,0,144,Darktrader21,self.datascience,Projects
Embed multi-dimensional data points for visualizing and inserting a new data in the plot,93,32,168,linamagr,self.datascience,Discussion
self.datascience,1,1,24,DansePaladinDanse,self.datascience,Discussion
Does the big 4 tag really matter?,0,0,144,SmokeSlurp,self.datascience,Projects
self.datascience,3,0,144,saasthom,self.datascience,Discussion
Why do we maximize likelihood of theta in logistic regression?,0,4,192,leaderdebordel,self.datascience,Tooling
self.datascience,1,3,168,lovelylavenderchild,self.datascience,Discussion
Do you also often deal with problems that turn out to be some kind of constrained optimisation problems?,105,57,168,TheEnlightenedMan,self.datascience,Discussion
self.datascience,128,84,168,VodkaRain,self.datascience,Discussion
"In 1 year of data science in college, what do you guys learn? Let me know!",2,3,144,IcaroRibeiro,self.datascience,Discussion
Hourly salary Data Scientist Canada,25,14,168,Dataman-Calgary,self.datascience,Discussion
self.datascience,1,0,168,PuzzleheadedFix8972,self.datascience,Discussion
"Trying to find a predictive analysis nerd, found a major opportunity (not hiring, casual)",2,9,168,fouried96,self.datascience,Discussion
self.datascience,1,5,168,Final_Teach_5838,self.datascience,Discussion
How much stock would you put in Andrew Ng's ML/DL course?,16,12,192,HipPaprika,self.datascience,Networking
self.datascience,0,2,168,malirkan,self.datascience,Discussion
Choosing the Right Academic Path for Job Security and Career Growth in Europe,2,8,168,CatalystNZ,self.datascience,Discussion
self.datascience,2,0,168,Dr_Rhombus,self.datascience,Projects
Anyone working as a Data Scientist after transitioning from a Social Science/Humanities PhD?,3,3,192,hownottopetacat,self.datascience,Discussion
self.datascience,2,19,192,RaccoonFew5715,self.datascience,Projects
"What were the worst misconceptions/requirements of senior management in data science projects in connection with web applications (lead generation & churn, content generation, data driven marketing, etc.)?",84,45,192,Smart_Donut_9558,self.datascience,Discussion
self.datascience,7,6,192,Born_Buy7037,self.datascience,Discussion
"For binary classification, where the focus is to avoid FP, can you help with which metrics to use?",88,62,192,Frequent_Anybody2984,self.datascience,Discussion
self.datascience,1,0,168,Dr_Rhombus,self.datascience,Projects
"Customer Growth Accounting (churn, resurrections, etc) framework",2,0,192,elffuostnevel,self.datascience,Discussion
self.datascience,3,1,192,RebeccaMayy,self.datascience,Projects
How does your team organize ideas?,5,0,192,rubiesordiamonds,open.substack.com,Discussion
self.datascience,2,1,192,ResearchShort4056,self.datascience,Projects
Demand forecasting FMCG company,300,124,216,Excellent_Cost170,self.datascience,Discussion
self.datascience,0,5,192,Aggravating_Sand352,self.datascience,Projects
"Got hit with a layoff today but they offered to shop me around internally, any advice?",1,0,192,TechSavvyGal,self.datascience,Discussion
self.datascience,2,1,192,lfelipecl,self.datascience,Projects
What are the best practices for interviewing data science candidates?,0,0,24,Kairo1004,youtube.com,Projects
self.datascience,53,37,192,OutcomeSerious,self.datascience,Projects
Jobs to switch to from Data Science,1,1,216,Purple_Bite_9579,self.datascience,Projects
"üìäüí° Dive into a comprehensive guide on Multilinear Regression Model, covering each stage from data collection to evaluation! üìàüß™",3,0,192,MLwithMe1617,youtube.com,Projects
youtube.com,0,0,192,Zestyclose-Ad-7154,self.datascience,Discussion
Ocean protocol,104,66,216,Exotic_Avocado6164,self.datascience,Discussion
self.datascience,2,3,192,Additional_Guide5439,self.datascience,Discussion
"If you were starting over again, How would you go about getting a Data Science job?",45,25,216,LossFirst2657,self.datascience,Discussion
self.datascience,1,1,192,FrancisGrant1,self.datascience,Discussion
Seeking Recommendations for Multivariate Time Series Analysis Resources with a Focus on Economics/Finance and R Applications,1,2,192,sarafpiyush98,self.datascience,Discussion
self.datascience,19,0,216,Loose_Read_9400,self.datascience,Fun/Trivia
How much of an effect does this job market have on people who were Data Scientists for a solid 3-5 years?,9,6,216,a157reverse,self.datascience,Discussion
self.datascience,15,27,216,Legitimate_Ebb3623,self.datascience,Discussion
Guides that explore statistical theory and concepts through analysis in R using tidyverse,4,4,216,Reasonable-Farmer186,self.datascience,Discussion
self.datascience,1,0,192,CharmingSurprise4939,medium.com,Tooling
Alphanumeric Search Algorithm?,0,0,192,Suspicious-Case3330,self.datascience,Networking
self.datascience,1,3,192,CheapBanana1050,self.datascience,Discussion
When your clients won't provide insight or feedback on why there are 4 different rows with the same unique ID...,0,3,192,Active_Cranberry7606,self.datascience,Discussion
self.datascience,0,3,192,Additional_Guide5439,self.datascience,Discussion
Explainable AI Scepticism,0,7,24,are-you-kittenme,self.datascience,Discussion
self.datascience,4,3,192,mangos5,self.datascience,Discussion
Coding sometimes scares me. Is this the wrong field for me?,6,2,216,Legitimate_Ebb3623,self.datascience,Discussion
self.datascience,5,7,216,ma-d-ghost,self.datascience,Discussion
Resources on Monte Carlo Simulations (Python),2,5,216,AlternativeSea4330,self.datascience,Discussion
self.datascience,0,6,216,FierceTeletubby,self.datascience,Discussion
Two different ways to execute Python code on an EC2 instance,2,5,216,emotional-Limit-2000,self.datascience,Projects
medium.com,0,2,216,Ashfan007,self.datascience,Discussion
Forta Bounty - Web3,1,0,216,ergodym,self.datascience,Discussion
Career planning,1,1,216,Kenny9184,self.datascience,Discussion
self.datascience,49,31,240,every_other_freackle,self.datascience,Discussion
How do you store your ad hoc experiments?,3,1,24,ZebZ,self.datascience,Discussion
self.datascience,12,24,216,greathassan,self.datascience,Discussion
Existing relational database to new vector database?,74,85,240,Diligent_Trust2569,self.datascience,Discussion
self.datascience,13,14,240,childofaether,self.datascience,Discussion
Where to spend ¬£5k budget for professional development in Data Science,22,40,240,Pineapple_throw_105,self.datascience,Discussion
self.datascience,2,0,240,ProductOk7316,self.datascience,Discussion
How important is being appreciated and team fit as a factor to stay in a role with average salary given slow adoption of data science solutions?,0,3,216,RevolutionaryPen4661,self.StreamlitOfficial,Projects
self.datascience,5,0,216,Fincho64,self.datascience,Discussion
Any value to an unrelated advanced degree to get into DS?,3,7,240,EncryptedMyst,self.datascience,Discussion
self.datascience,3,4,240,Bulky_Gap_7072,self.datascience,Tooling
What are grid search alternatives?,145,41,240,Utterizi,self.datascience,Discussion
self.datascience,0,9,264,aesthetic-mango,self.datascience,Discussion
SHAP Deep Reinforcement Learning,2,5,240,oblivious_horizon,self.datascience,Discussion
self.datascience,13,21,240,DapperAd8264,self.datascience,Discussion
Markdown To HTML,70,63,240,databro92,self.datascience,Discussion
self.StreamlitOfficial,5,5,264,DboS3dan,self.datascience,Discussion
"Julia leads Rust, Zig, Go and Java in data processing benchmark",127,99,240,Fluxan,self.datascience,Discussion
self.datascience,49,33,264,timusw,self.datascience,Discussion
Security measures at my workplace,0,53,24,Silly_Valley,self.datascience,Discussion
self.datascience,0,12,264,philemil,self.datascience,Projects
Predicting what features lead to long wait times,2,2,240,jacobwlyman,self.datascience,Tooling
self.datascience,4,2,24,Breadskinjinhojiak,self.datascience,Discussion
Sucking at my job?,1,2,240,Prestigious_Virus_33,self.datascience,Projects
Advancements in extracting tabular data from PDFs?,8,7,264,data_scallion,self.datascience,Projects
self.datascience,4,14,264,valkaress,self.datascience,Discussion
[US] What are some hubs for data science or data analytics?,1,0,264,HyenaJack94,self.datascience,Discussion
self.datascience,25,17,264,AbramoNauseus,self.datascience,Discussion
Question animal tracking data and filling in periods of sleep?,2,2,264,InsightIndustry,self.datascience,Tooling
self.datascience,5,30,264,Salt-Page1396,self.datascience,Tooling
Tough spot,5,13,264,mingzhouren,self.datascience,Discussion
self.datascience,92,77,288,Exotic_Avocado6164,self.datascience,Discussion
Highcharts for Python v.1.4.0 Released,40,47,288,Expendable_0,self.datascience,Discussion
self.datascience,66,60,288,Federal_Nose_6428,self.datascience,Discussion
Why would I use Tableu/BI over Streamlit? Is there any advantage?,25,14,288,career-throwaway-oof,self.datascience,Discussion
self.datascience,56,34,24,foreignparent,self.datascience,Discussion
Explainable boosting machines,47,52,288,derpgod123,self.datascience,Discussion
self.datascience,1,5,288,Geckel,self.datascience,Projects
Data scientists - How many hours a week do you work?,22,18,288,Ok_Post_149,self.datascience,Discussion
self.datascience,51,23,288,Sensitive-Main-6700,self.datascience,Projects
Are you happy with your job?,1,3,24,Candid-Translator-89,self.datascience,Discussion
self.datascience,119,56,312,cazzobomba,self.datascience,Projects
What are some red flags to look out for in a job interview for a data job?,13,22,24,rationally_speaking,self.datascience,Discussion
self.datascience,6,2,288,Ok_Waltz_5145,self.datascience,Discussion
How to work with product managers,6,80,312,AutoModerator,self.datascience,Discussion
self.datascience,11,3,312,Champaign__Supernova,self.datascience,Discussion
Most valuable data science project you've worked on for a company?,9,2,288,EcstaticStructure830,self.datascience,Discussion
Automation of insights extraction from Clustering,2,0,312,nuriel8833,self.datascience,Projects
self.datascience,2,8,312,AutomaticResearch337,self.datascience,Projects
Image Detection with CNN Model,76,40,336,HStuart18,self.datascience,Tooling
self.datascience,9,15,24,Skilinger,self.datascience,Discussion
Why are there no good graph visualisation programs?,0,4,336,jrdubbleu,self.datascience,Discussion
self.datascience,0,32,312,shostakophiles,self.datascience,Discussion
How do I make use of other parameters' forecasts for time series forecasting?,3,8,312,Aislin777,self.datascience,Projects
self.datascience,69,103,336,mkworkplay,self.datascience,Discussion
Data Cleaning & Wrangling Standards?,311,88,24,pg860,self.datascience,Discussion
self.datascience,5,16,360,EnPaceRequiescat,self.datascience,Tooling
"a controversial request, but please help me out in defending that sarcasm doesn't affect sentiment analysis",10,10,360,Odd-Struggle-3873,self.datascience,Discussion
self.datascience,5,6,24,PM_ME_SomethingNow,self.datascience,Projects
Web-based App Recommendations,5,13,336,WadeEffingWilson,self.datascience,Discussion
self.datascience,0,0,360,spx416,self.datascience,Projects
Is there any benefit for a Data Analyst to learn C#?,5,3,360,Salt_Macaron_6582,self.datascience,Discussion
self.datascience,153,39,360,LeaguePrototype,self.datascience,Discussion
The most sought-after Data Science skills,0,8,24,LegitimateAd4716,i.redd.it,Projects
self.datascience,5,3,360,unbrkbleheaven,self.datascience,Discussion
Clickable plots?,2,3,360,jaegarbong,self.datascience,Discussion
self.datascience,1,8,384,Raspberrry314,self.datascience,Projects
Huge data issues,0,1,360,Warm_Cicada_8313,self.datascience,Discussion
self.datascience,1,3,360,vezf121093,self.datascience,Networking
Eye Tracking Data,1,0,360,khaled__alekasir,self.datascience,Tooling
self.datascience,17,14,360,RightProfile0,self.datascience,Projects
Is it possible to have a non-Gaussian mixture and can it be easily decomposed?,21,32,360,MarzCallz,self.datascience,Projects
Is it bad if i can't visualize DataFrame in Jupyter Notebook and pandas without turn it into Excel ?,1,4,360,Order-Various,self.datascience,Discussion
self.datascience,0,3,360,CKJ_1630,self.datascience,Discussion
Guidance,8,21,384,Quick_Conflict_533,self.datascience,Discussion
self.datascience,79,45,384,nondualist369,i.redd.it,Projects
Best cloud solution for ML on huge dataset,0,6,360,the_tallest_fish,self.datascience,Discussion
self.datascience,60,88,384,TheEnlightenedMan,self.datascience,Discussion
Handling class imbalance in multiclass classification.,1,0,360,sunblockheaven,self.datascience,Projects
i.redd.it,4,3,384,Savage_Garbage,self.datascience,Projects
What exactly is the job scope for a data scientist??,1,0,360,Agitated-Duty2577,self.datascience,Projects
self.datascience,0,66,360,norfkens2,self.datascience,Discussion
What's one hard thing about being a data scientist?,1,14,384,obewanjacobi,self.datascience,Discussion
self.datascience,43,38,408,EcoNerd007,self.datascience,Discussion
Question-Answers Model. What to us?,2,0,384,Odd-Concert-4591,self.datascience,Projects
self.datascience,14,9,408,Dependent_Mushroom98,self.datascience,Discussion
Need help figuring out input for anomaly detection in frequency response,1,1,384,Relevant-Cycle9169,self.datascience,Discussion
self.datascience,1,1,384,deonvin,self.datascience,Discussion
Looking for a tutor for SAS programming-- anyone?,1,3,384,din38ah,self.datascience,Discussion
self.datascience,132,121,408,Potanee,self.datascience,Discussion
Why is data science still so hyped?,2,4,408,KillingTimeSince99,self.datascience,Discussion
self.datascience,5,1,408,Breadskinjinhojiak,self.datascience,Tooling
Text Alias Modeling,2,1,408,meWhoObserves,self.datascience,Discussion
self.datascience,8,10,408,WadeEffingWilson,self.datascience,Discussion
Data Science(s) in the plural,68,37,432,bic-boy,self.datascience,Discussion
self.datascience,1,6,408,_rshaedy,self.datascience,Projects
Product name matching - Entity Resolution or Enity Linkage or both?,72,40,432,jpnoro2003,self.datascience,Discussion
Using pre-trained models as features?,2,3,408,Kniggi,self.datascience,Projects
self.datascience,2,9,408,Libran10,self.datascience,Projects
Project Ideas,0,1,408,Alertt_53,self.datascience,Discussion
self.datascience,5,4,24,MLquestionAccount,self.datascience,Discussion
Seeking Feedback Mechanism for Our Python/Dash Analytics Platform,201,123,408,samjenkins377,self.datascience,Discussion
self.datascience,45,28,432,Scroller94,self.datascience,Discussion
"What are some effective dimensionality reduction (unsupervised feature selection) techniques for a high dimensional, sparse dataset?",193,124,432,RuinedRyan,self.datascience,Career
self.datascience,0,18,432,John198777,self.datascience,Discussion
The [lack of] quality on this sub,0,4,408,swesweee,self.datascience,Discussion
self.datascience,3,0,408,smarvin2,postgresml.org,Projects
What aspect of Data Science do you enjoy the most?,3,3,432,CryptographerDry7458,self.datascience,Discussion
self.datascience,2,0,432,matus_pikuliak,opensamizdat.com,Projects
Hiring hell,253,50,432,Excellent_Cost170,self.datascience,Career
self.datascience,2,5,456,combrade,self.datascience,Discussion
Do you worry that outsourcing will take your job?,1,5,432,Dry-Growth4940,self.datascience,Discussion
self.datascience,2,0,432,BenchLeague,i.redd.it,Projects
Does anyone know any tools that helps people convert their python code into streamlit apps?,245,130,432,Inevitable-Quality15,self.datascience,Career
self.datascience,0,117,456,Particular-Yam-7117,self.datascience,Discussion
Indexing Large Datasets - A 5x Improvement in Vector Recall Speed When Moving from IVFFlat to HNSW,22,21,432,SuitableElk7382,self.datascience,Discussion
postgresml.org,481,181,456,aGuyAndHisWood,self.datascience,Discussion
What is your go-to for data quality in Computer Vision?,0,0,24,corey1505,medium.com,Projects
self.datascience,2,1,480,frodegrodas,self.datascience,Discussion
Multilingual Reading Skills of Language Models,1,12,24,Remarkable-Floor-351,self.datascience,Career
opensamizdat.com,9,127,456,AutoModerator,self.datascience,Career
Which industries have the most lacking data architecture for data analysis/modelling?,1,2,456,Brief-Living-5083,self.datascience,Discussion
self.datascience,0,1,456,01jasper,self.datascience,Discussion
Benefits of converting DICOM images to PNG's,2,0,456,axlrosen,self.datascience,Discussion
self.datascience,0,0,456,Alarming_Scene126,self.datascience,Projects
How can an LLM be good at compressing images and audio?,0,0,456,Data_Nerd1979,self.datascience,Discussion
self.datascience,0,0,456,veliona,self.datascience,Discussion
"Second Data Project : Web Scraping, I am a beginner, Help with suggestion!!",2,2,456,Choweeez,self.datascience,Discussion
self.datascience,0,0,24,theguiltedbutterfly,self.datascience,Career
Harnessing LLM Alignment: Making AI More Accessible,0,1,456,alonelycrap,self.datascience,Discussion
self.datascience,209,84,456,arms_a_heavy,self.datascience,Career
A/A testing,1,4,480,baedling,self.datascience,Career
self.datascience,2,3,24,Omnitemporality,self.datascience,Discussion
Quick review of most used algorithm answers,17,11,456,HotShape5112,self.datascience,Career
self.datascience,137,46,456,UnsafeBaton1041,self.datascience,Discussion
Thursday Oct 5th - London meetup - working in data and tech!,31,31,480,AntiqueFigure6,self.datascience,Discussion
self.datascience,0,1,480,Excellent_Cost170,self.datascience,Career
Data Cleaning - Correcting erroneous text inputs,3,1,24,Roughneck16,kolkena.medium.com,Education
self.datascience,0,0,480,Slow_Cry6219,self.datascience,Projects
Unpopular Opinion: you don't need a passion in data science to be in data science,24,87,480,Excellent_Cost170,self.datascience,Discussion
self.datascience,1,12,480,poitrenaud,self.datascience,Discussion
"What kind of questions should I expect for this upcoming MLE/DS interview, given this unorthodox scheduling?",0,1,480,Neurosymbolic,self.datascience,Projects
self.datascience,10,6,480,brctr,self.datascience,Education
"What is the best set of universal semantic embeddings for implementing vector searches across large documents, and has it changed drastically before/after the OpenAI boom?",4,5,480,xSicilianDefenderx,self.datascience,Career
self.datascience,1,6,480,sasha_sako,self.datascience,Education
"[Q] To all data scientists here who graduated with a stat degree, do you apply all your college stat knowledge to your current job?",17,10,480,CutoutH,self.datascience,Discussion
Anybody from India doing analytics/data science/statistics masters in the US who came from social sciences/humanities background?,0,0,480,Charming_Lecture_370,self.datascience,Education
self.datascience,1,2,480,Kindly_Produce_27,self.datascience,Education
Is a Associate's Degree in Computer Science enough for a entry level job or internship?,4,5,480,TheRealLouzander,self.datascience,Career
self.datascience,1,0,480,enthalpy03,self.datascience,Discussion
Broad work or deep work?,1,0,480,Popular-Profession76,self.datascience,Career
self.datascience,118,58,504,jkerr838,self.datascience,Discussion
Need some guidance,1,3,480,Sonic2kDBS,self.datascience,Discussion
self.datascience,0,5,480,PuzzleheadedCycle231,self.datascience,Career
Creating a strong CV for applying for a Data Science internship,0,7,480,Gold-Artichoke-9288,self.datascience,Education
self.datascience,2,2,504,guyloveskissing,self.datascience,Projects
What are the first things you analyze in a new dataset?,1,0,480,Critical_Art_6386,youtu.be,Education
self.datascience,613,251,528,databro92,self.datascience,Discussion
Announcing AI ethics and rights,1,3,24,joshred,self.datascience,Career
self.datascience,76,61,504,YoYoMaDiet,self.datascience,Tooling
Any advice for stepping into my first management role?,1,0,528,anon67543,self.datascience,Projects
self.datascience,1,1,504,roblu001,self.datascience,Career
Confused,0,5,504,Dry_Cattle9399,self.datascience,Discussion
self.datascience,16,13,504,anon67543,self.datascience,Discussion
Handling categorical missing data in churn prediction model for telecom data,0,0,528,pg860,self.datascience,Projects
self.datascience,246,120,504,harpooooooon,i.redd.it,Career
how ever I.A moldering industry musical,3,1,552,Anandh1412,self.datascience,Discussion
youtu.be,21,47,528,el_chubinebrae,self.datascience,Education
It's not just you. Everyone hates the return to office,1,31,528,TheManveru,self.datascience,Education
self.datascience,40,15,24,PitterPatTomCat,self.datascience,Career
"Everyone always talks about LLMs/ML in data science but no one ever talks about experimentation, ML's older sexier sister.",105,26,552,Consistent-Design-57,self.datascience,Career
self.datascience,2,0,24,ravy,chimpy.me,Projects
What the Birthday Paradox Teaches Us About Protecting Patron Privacy,2,0,528,Alarming_Scene126,kaggle.com,Projects
chimpy.me,361,174,528,Tarneks,i.redd.it,Career
First project review | Data wrangling and Visualization,14,33,552,yuribz,self.datascience,Career
kaggle.com,5,48,528,rizic_1,self.datascience,Discussion
This is a data analyst position.,2,0,528,Interesting_Chance31,self.datascience,Projects
i.redd.it,0,34,528,alpha-gamma-x,self.datascience,Education
"No passion for data science, what jobs can I get?",27,22,528,vamos241,self.datascience,Career
self.datascience,1,0,528,Feisty_Object2081,self.datascience,Networking
What do you bring to the table?,34,35,528,imjustsippintea,self.datascience,Discussion
self.datascience,0,0,552,Interesting_Chance31,self.datascience,Projects
Last Call for RUGS Grant Applications!,0,20,528,neuro-psych-amateur,self.datascience,Discussion
self.datascience,15,10,528,InevitableTraining69,self.datascience,Career
"When a ML algorithm is training, what is actually happening behind the scenes? How does it learn?",0,0,552,Manu_Orobix,self.datascience,Tooling
self.datascience,0,2,528,Jerry__10,self.datascience,Discussion
Not gaining any traction in this market,38,58,528,vincentfer66,self.datascience,Discussion
self.datascience,3,2,552,Xman0142,insight.ieeeusa.org,Discussion
ArangoDB Summit 2023,12,12,528,spectrotact,self.datascience,Education
self.datascience,1,0,552,naresh257501,mytechbasket.com,Discussion
Is Data Analytics not entry level?,1,0,528,PinstripePride97,self.datascience,Discussion
self.datascience,0,11,528,LegitimateAd4716,i.redd.it,Projects
"Sunday, Oct 1st, is the last day to submit your proposals!",0,0,528,ProfessorChaos224,self.datascience,Projects
self.datascience,85,106,552,crossmirage,self.datascience,Discussion
Let's discuss again distance learning PhDs,1,6,576,newbie_to_python,self.datascience,Education
Heated debate with leadership because of Excel,78,52,576,ex0ticOne,self.datascience,Discussion
self.datascience,2,3,552,TheParanoidPyro,self.datascience,Discussion
Is our role to give the data that the stakeholder asked for or give them a trimmed version that is closer to correct?,1,0,24,mili_19,self.datascience,Discussion
self.datascience,4,5,552,REMARKABLE-RPL,self.datascience,Career
Correct way of studying the learnings of a model on image classification?,3,7,552,Distinct_Slide4302,self.datascience,Education
self.datascience,1,0,552,megawalrus23,self.datascience,Discussion
Job,1,1,552,acdbddh,self.datascience,Projects
self.datascience,848,304,552,BiteFancy9628,self.datascience,Discussion
(Advice) Data Science certification,1,0,576,Manu_Orobix,self.datascience,Tooling
self.datascience,2,3,552,TimidHuman,self.datascience,Career
Significance Testing for Market Campaigns/Market Study?,2,0,552,abhi9u,codeconfessions.substack.com,Education
self.datascience,4,4,24,synthphreak,self.datascience,Discussion
X/Twitter misinformation detection browser plugin,138,115,552,Choweeez,self.datascience,Discussion
self.datascience,27,21,552,FoxWithAPumpkin,self.datascience,Education
LLMs hype has killed data science,1,5,24,Technical-Window-634,self.datascience,Tooling
self.datascience,361,36,576,Excellent_Cost170,i.redd.it,Discussion
Reinforcement learning in automating game testing üî•,1,1,24,juspreet51,self.datascience,Discussion
self.datascience,0,5,576,Data_Nerd1979,self.datascience,Discussion
What online course/books would you recommend to someone interested in getting into DS?,2,1,552,synthphreak,self.datascience,Education
self.datascience,0,2,576,WadeEffingWilson,self.datascience,Discussion
An Analysis of DeepMind's 'Language Modeling Is Compression' Paper,2,3,552,JTcyto,self.datascience,Discussion
codeconfessions.substack.com,12,26,552,Old_Cartographer_586,self.datascience,Discussion
Say I trained an autoencoder. Why is that useful? How can I use it?,0,28,24,Excellent_Cost170,self.datascience,Career
self.datascience,4,2,552,shopchoffee,self.datascience,Discussion
What kind of algorithm do you use the most as a data science pro ?,0,7,552,misscherry1,self.datascience,Career
Masters in which topic will be helpful for getting data science job.,1,4,552,Rahul_devil,self.datascience,Discussion
self.datascience,2,2,552,prtkkr,self.datascience,Discussion
PDF Scraping,2,1,552,dev0martin0,self.datascience,Discussion
self.datascience,5,6,576,proffesaur,self.datascience,Discussion
Database Management vs Statistical Analysis,1,1,552,James_c7,self.datascience,Career
self.datascience,2,2,576,-curious-cheese-,self.datascience,Projects
First job,3,0,576,SpiritualCurve9164,self.datascience,Career
self.datascience,0,1,576,Gooooot,self.datascience,Career
Title change question,247,68,600,bernful,self.datascience,Career
self.datascience,174,102,600,valkaress,self.datascience,Career
How long does a typical project take you to complete?,1,6,576,Material_Shoe_4334,self.datascience,Projects
self.datascience,1,3,576,Rtktts,self.datascience,Discussion
What DS experience to seek to set up for contracting later in life?,2,0,576,Roua_Rejeb,self.datascience,Discussion
self.datascience,6,16,576,Hamdi_bks,self.datascience,Discussion
Analytics for an Energy company,1,0,24,mmurad96,self.datascience,Discussion
self.datascience,12,4,576,needtheprivacy,self.datascience,Discussion
Accepted job offer as a Data Analyst,2,1,576,No_Lynx3610,self.datascience,Tooling
self.datascience,0,6,576,norfkens2,self.datascience,Projects
"Is having a fake Data Scientist title good, bad, or neutral?",1,1,576,Public-Recording9634,self.datascience,Education
self.datascience,3,11,24,Citizen_of_Danksburg,self.datascience,Career
Are there any datasets with frontal footage of cars on roads/highways?,1,2,576,anon67543,self.datascience,Projects
self.datascience,0,0,576,randomtest123xx,self.datascience,Career
Data projects in production,1,0,576,debordian,github.com,Discussion
self.datascience,16,10,576,Any-Fig-921,self.datascience,Discussion
Kaggle Data Visualization certificate,490,124,576,jacobwlyman,self.datascience,Career
Is there any chance of getting data analytics job in an industry of your interest?,5,1,576,kpr1904,self.datascience,Career
self.datascience,1,0,576,Junior-Suit2097,self.datascience,Discussion
"Need guidance for Data Scientist, Product Analytics ( Technical Round 45 minutes SQL + Product Sense ) in 2.5 weeks",17,60,600,Rosehus12,self.datascience,Discussion
self.datascience,1,2,576,bilby2020,self.datascience,Tooling
"What software can handle large data, SAS or R?",0,0,576,aquablue24_,self.datascience,Projects
self.datascience,0,15,576,sneekytrojan,self.datascience,Discussion
Is there any GPT like tool to analyse and compare PDF contents,3,1,576,csuarezg,self.datascience,Career
self.datascience,1,1,576,anxiouscrimp,self.datascience,Projects
Take my survey!,2,3,576,Terrible-Hamster-342,self.datascience,Discussion
self.datascience,3,1,576,modelbit,self.datascience,Projects
A Data Scientist with an idea itching to become the startup Vagabond,1,3,576,ElegantAnalysis,self.datascience,Education
self.datascience,0,16,576,you_ako,self.datascience,Career
Data science for an Investment Professional.,1,3,576,Cloverdover1,ibb.co,Career
self.datascience,5,6,600,alpha-gamma-x,self.datascience,Discussion
What problems could I try to solve?,1,0,576,Ok_Unit7169,self.datascience,Discussion
self.datascience,2,1,600,GetFkedPlease,self.datascience,Career
Anyone here work as a Data Scientist focused on user growth?,3,2,600,AZForward,self.datascience,Discussion
self.datascience,3,5,600,King_2000,self.datascience,Career
Interact with an OWL-ViT Object Detection Model,189,73,624,Excellent_Cost170,self.datascience,Discussion
self.datascience,1,0,600,Muhammad_Gulfam,self.datascience,Discussion
What would you get your company to pay for as a beginner,0,22,576,Old-Food2140,self.datascience,Education
self.datascience,5,1,600,No_Boysenberry_7138,self.datascience,Discussion
Training regression model using 50 Gb,22,47,624,ljc4343,self.datascience,Education
self.datascience,52,43,24,ruckrawjers,self.datascience,Discussion
Job Search Advice,95,75,624,twitch-flystewie,self.datascience,Discussion
How do you avoid/deal with the discussion of causality when the project goal was predictive performance to start with?,27,36,624,Difficult-Big-3890,self.datascience,Discussion
self.datascience,2,2,600,Ok_Post_149,self.datascience,Career
What type of project excites you?,2,4,600,Open-Caterpillar3098,self.datascience,Discussion
self.datascience,2,2,600,Terrible-Hamster-342,self.datascience,Discussion
Data Registry suggestions for ML projects,1,22,600,BusfahrerBernd999,self.datascience,Discussion
self.datascience,3,4,600,Internal_Flower67,self.datascience,Projects
How did you succeed in a new role? What lessons did you take from your previous role?,3,3,624,wolatid,self.datascience,Discussion
self.datascience,1,0,600,haris525,self.datascience,Discussion
Power BI vs Tableau,14,6,624,artemis268,self.datascience,Discussion
self.datascience,43,29,624,Imaginesafety,self.datascience,Networking
Advice on Comparing Time Series Datasets,1,0,624,rojosquid,self.datascience,Education
self.datascience,2,3,624,Senande,self.datascience,Education
NLP Data Cleaning,136,93,648,wonko_the_sane__,self.datascience,Career
self.datascience,7,8,624,MrBarret63,self.datascience,Discussion
Cross Encoders for Long documents and pragagraphs,1,10,624,sssauber,self.datascience,Career
self.datascience,2,1,24,AnxiousApplicant2020,self.datascience,Education
Stuck in an internship with no data science work,1,0,624,clueless-coder,self.datascience,Education
self.datascience,3,5,624,severinseverine,self.datascience,Projects
Are career fairs worth it?,57,40,624,Excellent_Cost170,self.datascience,Projects
self.datascience,1,0,648,iamumdi,self.datascience,Discussion
"Sanity Test, DummyClassifier",0,2,624,BackDoorBeats,self.datascience,Career
self.datascience,2,8,624,randomredditstarter,self.datascience,Discussion
Modern Time Series Forecasting With Python (Book Review),1,0,624,___Dexter_____,self.datascience,Discussion
self.datascience,1,0,624,Interesting_Chance31,self.datascience,Projects
What do data scientists do anyway?,2,2,624,Difficult-Big-3890,self.datascience,Discussion
Poor statistical/Linear Algebra foundation,88,33,648,LongjumpingWheel11,self.datascience,Education
self.datascience,3,10,624,alguieenn,self.datascience,Projects
Scrapping Open Street Maps,5,14,24,Mission_Tough_3123,self.datascience,Networking
self.datascience,0,6,624,CurrentMail8921,self.datascience,Discussion
Open source Data Science projects.,4,88,624,AutoModerator,self.datascience,Projects
self.datascience,5,3,624,Terrible-Hamster-342,self.datascience,Discussion
Question,0,0,624,Checkmateittech,self.datascience,Discussion
self.datascience,0,0,624,oniongarlic88,self.datascience,Projects
"Weekly Entering & Transitioning - Thread 25 Sep, 2023 - 02 Oct, 2023",1,0,624,nigelwiggins,self.datascience,Discussion
self.datascience,15,18,624,How_Much2,self.datascience,Discussion
How has work changed for you given the shift from growth to profitability?,0,0,648,LearnTheTrueth,self.datascience,Projects
self.datascience,1,1,624,LearnTheTrueth,self.datascience,Projects
Data Science Training,1,10,624,KiwiAura,self.datascience,Career
self.datascience,1,2,624,Expensive_Memory_498,self.datascience,Career
"given historical trade data (in forex or crypto), and you know the trade used trailing stops, can you use data science to know how it trailed?",89,56,624,krabbypatty-o-fish,self.datascience,Discussion
self.datascience,0,2,648,redd-dev,self.datascience,Education
Z score of weighted percentage,18,19,624,AwkWORD47,self.datascience,Discussion
self.datascience,1,2,648,UniversityOk378,self.computervision,Discussion
Is Alteryx a practical skill to learn?,1,0,624,Fun_Elevator_814,self.datascience,Career
self.datascience,0,6,624,BlackLands123,self.datascience,Tooling
How to use ML/DL with data analysis?,0,1,624,ApprehensiveBig7889,self.datascience,Education
self.datascience,0,3,24,Grovesy158,self.datascience,Career
Good data analysis projects for portfolio?,153,126,624,ChipotleAccount,self.datascience,Discussion
self.datascience,130,45,648,AM_DS,self.datascience,Tooling
Exploring Numexpr: A Powerful Engine Behind Pandas,9,7,648,qtalen,self.datascience,Tooling
self.datascience,0,0,648,saasthom,self.datascience,Discussion
"Idea for a Tool - ""Define your data science project""",1,0,648,crimefog,self.datascience,Education
self.datascience,0,0,648,Epistemophilia3,revealedge.com,Education
"Looking for graduate admissions data, DoED",0,14,648,John198777,self.datascience,Projects
self.datascience,0,0,648,user_unidentified69,i.redd.it,Projects
Quantum physics + Data Science,23,16,672,NailaBaghir,self.datascience,Discussion
revealedge.com,1,4,648,Napo7,self.datascience,Tooling
Limitations of Excel for academic analysis,4,5,648,magic_groovin,self.datascience,Projects
self.datascience,0,0,648,indusop,medium.com,Education
Can someone please suggest me on how to autofit model in GARCH?,8,14,648,talhak,self.datascience,Discussion
i.redd.it,411,84,24,Outside_Aide_1958,old.reddit.com,Discussion
About Junior Data Scientist Interview,1,2,672,hashirbhatti,self.datascience,Career
self.datascience,0,45,648,Expert-Ladder-4211,self.datascience,Education
Writing a CRM : how to extract valued data to customers,0,0,648,MNBizBot,self.datascience,Career
self.datascience,1,2,648,MachineSilly576,self.datascience,Career
Time Series Forecasting using RNN,0,0,648,RINNI2,self.datascience,Education
self.datascience,1,4,648,Dump7,self.datascience,Discussion
Just published my second blog on medium about feature scaling in machine learning please have a look,0,2,648,Emotional-Rhubarb725,self.datascience,Career
medium.com,0,4,648,Ndanan_Sky_8494,self.datascience,Career
How can I further improve the accuracy of my CNN based on transfer-learning?,0,15,648,PleaseJustStayAlive,self.datascience,Education
self.datascience,1,0,648,ashnel11,self.datascience,Discussion
Never understood this.,0,8,648,TransportationOne716,i.redd.it,Education
old.reddit.com,2,4,648,Ok_Community_5554,self.datascience,Education
Are these DS Virtual Internships good to get started?,2,7,672,norfkens2,youtu.be,Tooling
How are you networking?,5,7,672,Prime_Director,self.datascience,Career
self.datascience,0,1,648,paathyaa,self.datascience,Career
"Please suggest, what should I do next?",3,8,672,AdFew4357,self.datascience,Discussion
self.datascience,108,102,696,Ok_Post_149,self.datascience,Discussion
Does a theoretical understanding of time series help for forecasting roles?,0,0,24,No-Guest-3400,self.datascience,Career
self.datascience,2,1,648,Bhagafat,self.datascience,Career
I have a ton of free compute... why won't anybody use it?,36,48,672,blacksnowboader,self.datascience,Discussion
self.datascience,7,1,672,iccioilriccio,youtu.be,Discussion
Data Scientist 1 at Tesla requirements?,2,2,672,Judessaa,self.datascience,Education
self.datascience,146,124,672,GenericHam,self.datascience,Career
Alternatives to DS with as much maths/programming but less precariousness,0,18,696,masc98,self.datascience,Discussion
self.datascience,0,2,672,Still-Bookkeeper4456,self.datascience,Discussion
For those doing Causal ML/Analysis. How much business impact have you had?,0,8,672,boredmonki,self.datascience,Discussion
self.datascience,3,10,672,thinking0012,self.datascience,Education
The Most Popular Programming Languages ‚Äì 1965/2023,0,43,672,colonelbored_,self.datascience,Discussion
youtu.be,80,50,672,Prize-Flow-3197,self.datascience,Career
Data Generator Website,1,6,24,AdKey7786,self.datascience,Education
self.datascience,2,4,696,yipra97,self.datascience,Discussion
Is the job market really that brutal?,2,0,672,Anas_M1nt,kaggle.com,Projects
self.datascience,0,0,672,abdelhakim54,self.datascience,Discussion
What pissed you off last week?,5,21,672,SterlingG007,self.datascience,Education
self.datascience,2,3,672,vishalkarur12,self.datascience,Discussion
Loss/cost function during LLM training,0,3,672,NailaBaghir,self.datascience,Discussion
self.datascience,0,4,672,limedove,self.datascience,Career
Prediction when Target's lag value are part of predictors,1,2,672,Ok_Waltz_5145,self.datascience,Discussion
SQL skills needed in DS,24,33,696,Odd-Struggle-3873,self.datascience,Tooling
self.datascience,291,116,1,chris_813,self.datascience,Discussion
Should I feel bad by using chatgpt?,0,2,24,ConfidenceCandid,self.datascience,Education
self.datascience,1,2,672,ResearcherDense9962,doi.org,Tooling
Data Science Major,21,51,672,Inquation,self.datascience,Fun/Trivia
self.datascience,1,8,696,asim-shrestha,self.datascience,Discussion
A Differential Datalog Interpreter,124,182,696,John198777,self.datascience,Discussion
doi.org,10,6,1,--leockl--,self.datascience,Discussion
What is your education level?,1,10,696,themanifestingtree,self.datascience,Projects
self.datascience,2,0,696,desireeve,self.datascience,Projects
Would an easier way to scrape 100s of websites be useful to you?,1,0,696,Interesting_Chance31,self.datascience,Projects
self.datascience,2,2,696,T0ny_Corleone,self.datascience,Discussion
Do any of you regret becoming a Data Scientist?,1,0,696,No-Wallaby5033,self.datascience,Education
self.datascience,1,0,696,Money_Pig,self.datascience,Projects
Is running an open sourced LLM in the cloud via GPU generally cheaper than running a closed sourced LLM?,2,1,696,The_NaiveBayes,self.datascience,Tooling
self.datascience,2,0,696,adharanda11,self.datascience,Networking
Creating own query language,1,0,696,YajneshRao,self.datascience,Projects
self.datascience,1,9,696,Few_Establishment673,self.datascience,Career
Database Help?,1,0,696,cedarSeagull,self.datascience,Discussion
self.datascience,0,0,696,--leockl--,self.datascience,Discussion
RUGS Grant: Your Key to Unlocking R-Based Innovations,0,1,696,Navegante_unificado,self.datascience,Education
self.datascience,2,4,696,kumdima,self.datascience,Career
What is the best way to integrate a LLM with an API?,1,0,696,doc334ft3,self.datascience,Projects
self.datascience,0,1,696,colourfeed30,self.datascience,Career
How do I build expertise in translating business problems into Analytics Solutions?,1,1,696,Data_Nerd1979,self.datascience,Discussion
How do you define/explain the state of the recession from the perspective of data science?,0,3,696,UnhappyCompetition89,self.datascience,Discussion
self.datascience,0,0,696,DestructorEFX,self.datascience,Career
Career change: My next steps into Coding and Data Analysis,211,166,1,pg860,self.datascience,Career
self.datascience,0,2,696,jujuman1313,self.datascience,Career
A 250k INTERN position in Data Science - do I understand the world?,1,0,696,Artificial_intel1,theswedishtimes.se,Discussion
self.datascience,0,5,696,Thin_Individual_9127,self.datascience,Tooling
Any tips to find fully remote jobs?,1,0,696,Teamdatasciprod,self.datascience,Career
self.datascience,1,0,696,potatomolasses_,self.datascience,Discussion
TransUnion Denies Data Breach Claim by USDoD Group,3,3,696,kiwi_serpent,self.datascience,Career
theswedishtimes.se,1,0,696,BellaHi,myscale.com,Projects
MacOS v windows,2,1,696,Acrobatic-Till-7056,self.datascience,Discussion
self.datascience,4,16,696,hownottopetacat,self.datascience,Discussion
Operationalized Data Science model is being reproduced,25,22,1,TomorrowNowTech,self.datascience,Discussion
self.datascience,1,0,696,Comfortable-Sock-564,self.datascience,Career
Solutions/ Book Suggestions for Data Science in Economics,1,0,696,NoMonk1049,self.datascience,Career
self.datascience,31,23,1,tflbbl,self.datascience,Career
Becoming a Data Architect,2,2,24,No_Imagination_8174,self.datascience,Education
self.datascience,0,4,696,itsazzi99,self.datascience,Discussion
What to Expect from Retrievel-Augmented Generation and Self-Hosted LLMs,1,0,696,paul_morry,mytechbasket.com,Discussion
myscale.com,3,3,696,CanSecret8665,self.datascience,Projects
Data analytics | Data science,0,5,1,hsokofficial,self.datascience,Discussion
self.datascience,1,2,696,Black_Glaive,self.datascience,Education
Working for a company with sensitive data,1,1,696,ttraxx,self.datascience,Discussion
self.datascience,0,3,696,Difficult-Big-3890,self.datascience,Discussion
Coca-cola's new AI flavor üç∫ Would you drink this?,2,2,696,prtkkr,self.datascience,Discussion
Tool for collecting data,2,2,1,Aoiumi1234,self.datascience,Projects
self.datascience,1,2,696,Teethss,self.datascience,Discussion
Preventing Data Leakage in Time Series Forecasting with Feature Engineering,4,0,1,Gabii99,self.datascience,Projects
self.datascience,1,1,1,JenniferS007,self.datascience,Discussion
Implementation of Reinforcement Learning for an Autonomous Drone.,3,2,1,Electrical-Milk6899,self.datascience,Career
self.datascience,0,0,1,200spiders,blog.spectral.finance,Meta
Can LOR be sent through personal email (Gmail)?,11,6,1,mbashiq,self.datascience,Tooling
self.datascience,193,133,1,Inquation,self.datascience,Career
Making the most of an internship.,1,1,1,Bedsie,self.datascience,Projects
self.datascience,1,3,1,ContactProof7158,self.datascience,Career
The Emergence of Data Science in Web3,0,2,696,Ok_Swing145,self.datascience,Education
blog.spectral.finance,2,2,1,Optimal_Book2296,self.datascience,Career
AI for dashboards,0,12,1,Soft_Collar8061,self.datascience,Education
self.datascience,1,1,1,Commercial_Sympathy3,self.datascience,Education
Why so many people think that having a PhD (or postdoc) is an easy pass for getting a job in data science?,9,10,1,_pks_21,self.datascience,Career
self.datascience,65,72,1,notanotherphysicist,self.datascience,Career
Evaluating Performance of Retail Locations on Pilot Program vs. Control,1,0,1,big_booty_booth,self.datascience,Tooling
self.datascience,1,1,1,ACMLearning,self.datascience,Education
Transition,1,0,1,mwon,self.datascience,Discussion
self.datascience,1,0,1,Any-Yogurtcloset-646,self.datascience,Education
How hard is it to become a data scientist?,1,3,1,Esssaaan,self.datascience,Discussion
self.datascience,0,8,1,Agile-Pace-3883,self.datascience,Career
AngelList (Wellfound),1,0,1,t1ya,self.datascience,Discussion
self.datascience,0,0,1,Substantial_Swan4537,self.datascience,Career
Math?,1,1,1,dizz_4,self.datascience,Tooling
"13th International Conference on Artificial Intelligence in Music, Sound, Art and Design (EvoMUSART)",1,0,1,red_tadpole,self.datascience,Education
self.datascience,2,0,1,Kairo1004,self.dataengineering,Education
Free Course,0,0,1,ubiquitous1812,self.datascience,Career
self.dataengineering,4,2,1,TelevisionOk6718,self.datascience,Projects
"Wanted to start my career in data science and analytics, Is their anyone who can help me get an intern.",3,0,1,asdfast304,self.datascience,Discussion
self.datascience,0,0,1,Lokeish-Desaichetty,self.datascience,Education
Public health data source help,3,4,1,Esteban_Rdz,self.datascience,Discussion
self.datascience,1,4,1,Anandh1412,self.datascience,Career
Human Voice Extraction(Localization),2,3,1,Cm4F,self.datascience,Projects
self.datascience,1,0,1,Wwirtane,self.datascience,Education
Catastrophic Forgetting,2,3,1,FigTraditional1201,self.datascience,Discussion
self.datascience,90,94,1,GliGli991,self.datascience,Discussion
How to use 2 months wisely,15,6,24,ApocalypseAce,self.datascience,Discussion
self.datascience,17,7,1,rizic_1,self.datascience,Discussion
Laptop suggestions,0,0,1,Ok_Post_149,self.datascience,Discussion
self.datascience,3,7,1,UnlawfulSoul,self.datascience,Tooling
Looking for Projects to Learn From,80,44,1,LimpInvite2475,self.datascience,Discussion
self.datascience,3,1,1,0011ai,self.datascience,Projects
Business questions wiki,13,14,24,madhav1113,self.datascience,Projects
self.datascience,0,3,1,Illustrious_Fee_8167,self.datascience,Discussion
Data Analysis Database,0,0,1,fabrcoti,self.datascience,Discussion
self.datascience,1,6,1,MH3476,self.datascience,Career
How do you guys usually handle nulls?,22,15,1,Ambitious-Wonder-342,self.datascience,Discussion
self.datascience,1,0,1,kaoutar-,self.GPT3,Discussion
Is Databricks unreliable?,2,2,1,Exact-Committee-8613,self.datascience,Career
Best type of algorithm to achieve this problem?,1,2,1,MyOtherActGotBanned,self.datascience,Discussion
self.datascience,1,1,1,DoctorPhysics08,self.datascience,Projects
Nexis Uni,0,11,1,NickRay1234,self.datascience,Discussion
self.datascience,1,0,1,Pineapple_throw_105,self.datascience,Projects
Will traditional ml model creation become less popular?,40,26,1,__compactsupport__,self.datascience,Career
self.datascience,2,0,1,Hefty-Consequence443,self.datascience,Projects
Anyone to share experience with macroeconomic data aggregated on a weekly basis,7,3,1,OwlDry6530,self.datascience,Education
self.datascience,1,3,1,m_eowski,self.datascience,Projects
When should I stop being the expert in the room?,1,1,1,Martapacho,self.datascience,Projects
self.datascience,1,16,1,Anand_25U,i.redd.it,Discussion
Outlier Detection using Hampel Filter,0,4,1,Remarkable_Touch_506,self.datascience,Career
self.datascience,100,109,1,Legitimate_Ebb3623,self.datascience,Career
Possibility of getting Data Science (Jr. Analyst Role) w/out a Degree?,2,0,24,Evening_Pitch5398,self.datascience,Career
self.datascience,1,0,1,minitauros,self.datascience,Projects
Help with Customer Comment Analysis / Methodology,4,4,1,Dub2Blunts,self.datascience,Education
self.datascience,1,4,1,N0DuckingWay,self.datascience,Projects
Data science approaches to log message analysis,8,7,1,Decent-Wash8275,self.datascience,Discussion
self.datascience,1,0,1,salsalunchbox,self.datascience,Education
How can i convert this data in a tabular format easly?? please help,0,0,1,Cultured_Caveman,self.datascience,Career
i.redd.it,1,0,1,Bright_Entrance5244,self.learnmachinelearning,Projects
Please help!!!! Needed freelance jobs,3,0,1,AdFew4357,self.datascience,Education
self.datascience,81,121,1,ale_power,self.datascience,Tooling
Would a PhD help?,1,0,1,Responsible_Pop_3696,self.datascience,Projects
self.datascience,0,2,1,sugarxxxe,self.datascience,Discussion
Any tips and tricks,1,1,1,Majestic_Bar4139,self.datascience,Education
self.datascience,10,7,1,Parking-Buddy8031,self.datascience,Career
Can I get high-level position in Data Science or ML Engineering with a Mechanical Engineering PhD?,2,3,1,cgm0921,self.datascience,Education
self.datascience,14,11,1,Legitimate_Ebb3623,self.datascience,Career
Coding is not clicking,380,91,1,MelonFace,self.datascience,Discussion
self.datascience,1,2,24,Dry-Consideration-74,self.datascience,Discussion
Any companies working with AI for climate or health?,1,5,1,Accomplished-Box8046,self.datascience,Education
self.datascience,0,0,1,Friendly-Letter-5428,self.datascience,Career
You all need to think more like a company when working in a company.,8,2,1,playsmartz,self.datascience,Career
self.datascience,1,4,1,amcYOLO69,self.datascience,Career
Settle an argument,1,1,1,Suspicious-Shower114,self.datascience,Discussion
self.datascience,0,1,1,YajneshRao,self.datascience,Projects
Is there no hope for me?,3,6,1,Good-Concern-9732,self.datascience,Tooling
self.datascience,0,2,1,ConceptCivil6812,self.datascience,Projects
Starting point,2,0,1,socialretro,self.datascience,Projects
self.datascience,6,21,1,jerryjerrysons,self.datascience,Education
Key tools for Data Architect?,3,1,24,1Sl43000,self.datascience,Career
self.datascience,1,4,1,thegreenhipster,self.datascience,Networking
Supply Chain Management to DS,87,50,1,Excellent_Cost170,self.datascience,Projects
self.datascience,1,3,1,somnipathmusic,self.datascience,Discussion
How useful is it to know and remember mathematical proofs?,2,0,1,AffectionateAge7074,self.datascience,Education
self.datascience,0,3,1,Muhammad_Gulfam,self.datascience,Discussion
Ad click prediction based on ad placement and graphics,2,9,1,Prestigious_Flow_465,self.datascience,Discussion
self.datascience,0,4,1,Frank3nst13n,self.datascience,Discussion
Internal tool for EDA,234,96,1,15150776,self.datascience,Discussion
Landscape of Companies in the Data-Centric AI,2,1,1,CryptographerDry7458,self.datascience,Discussion
self.datascience,12,23,1,Count_Ak,self.datascience,Discussion
Trying hard but no interview calls,73,15,1,IntenselyKnowing,self.datascience,Discussion
self.datascience,3,0,1,üç∞,self.datascience,Discussion
How do you unravel the mysteries of data?,3,1,1,haliliceylan,self.datascience,Career
self.datascience,0,0,1,Slow-Feedback-2258,self.datascience,Discussion
Data Lake Solution,0,1,1,Feisty-Recording-715,self.datascience,Education
self.datascience,0,0,24,Nah_Maaan,self.datascience,Education
What should I focus on ?,1,0,1,Crystalagent47,self.datascience,Career
self.datascience,5,2,1,nicoin19,self.datascience,Career
üêº Pandas Introduction Tutorial: Master Data Manipulation with Python! üíª,1,3,1,LimpInvite2475,self.datascience,Discussion
self.datascience,0,0,1,bassabyss,self.datascience,Education
Confused on which major I should choose,2,0,1,FobaBett_Mixer,self.datascience,Projects
self.datascience,1,1,1,Itthi125,self.datascience,Career
"planning to study data science in college, should I do bachelors in data science or computer science? I don't really have much knowledge on this subject and would love to know more from experienced people, cuz some people advise doing a BS in CS instead of DS, kindly help me",1,2,1,TheOrderOfWhiteLotus,self.datascience,Education
self.datascience,1,3,1,derriboii,self.datascience,Projects
Apprentice remote job,50,26,1,Barhoomaa,self.datascience,Career
self.datascience,6,0,1,layzrblayzr,self.datascience,Discussion
Which is better: Internship or full time job,176,76,1,Mediocre-Complex1418,self.datascience,Career
self.datascience,1,17,1,Burner_McBurnstein,self.datascience,Tooling
Full-Stack work as a DS,3,1,1,Alternative_Sense_54,self.datascience,Projects
self.datascience,7,9,1,BickleNack_,self.datascience,Education
Pre-processing for time series forecasting,0,0,1,No-Pomelo7512,self.datascience,Projects
self.datascience,1,0,1,Relative_Winner_4588,self.madeinpython,Projects
Unsupervised learning in CNN for image classification,0,2,1,barnez29,self.datascience,Discussion
"How do you put value on a project/task that you know is inherently good, but isn‚Äôt clear how it links to business metrics?",13,5,1,poppycocknbalderdash,self.datascience,Discussion
self.datascience,1,1,1,Smooth-Pressure-790,self.datascience,Education
Practical Exploratory Data Analysis in Jupyter Notebook with Python,118,55,24,Excellent_Cost170,self.datascience,Discussion
self.datascience,3,0,1,BadTacticss,self.datascience,Career
Why do managers and leadership think DS/ML is easy?,9,3,1,WadeEffingWilson,self.datascience,Discussion
self.datascience,15,0,1,qtalen,self.datascience,Tooling
Graduate role websites,1,3,1,Miserable_Lion_6896,self.datascience,Career
self.datascience,1,0,24,CapelDeLitro,self.datascience,Education
"For those that do time series analysis, have you used STUMPY?",3,0,1,Anonymous098y6,self.datascience,Education
self.datascience,3,4,1,Proud-Piccolo4644,self.datascience,Career
Introducing Python‚Äôs Parse: The Ultimate Alternative to Regular Expressions,3,0,1,xraytrey,self.datascience,Education
self.datascience,2,2,1,kolopoi0,self.datascience,Discussion
Books?,2,0,1,LearnTheTrueth,self.datascience,Discussion
self.datascience,6,7,1,GuciBanana,self.datascience,Career
Data Science Courses Aus,2,2,1,enkounter08,self.datascience,Career
self.datascience,0,14,1,Accomplished-Tie2218,self.datascience,Career
How to pursue a career in Data Science when I have a psychology background and no technical skills?,1,1,1,Effective_Flounder31,self.datascience,Education
self.datascience,4,0,1,BeeApiary,self.datascience,Education
Need Advice on Whether I Should Take the Job,2,9,1,Trick_Emotion525,self.datascience,Discussion
self.datascience,4,11,1,OwlDry6530,self.datascience,Education
"Is YoY Growth a ""real"" Forecasting method? Asking from the perspective of a finance person / background",3,0,1,cosmic_dozen,usajobs.gov,Career
self.datascience,37,20,24,Material_Writing3799,self.datascience,Career
Preprocessing: Categorical vs Continuous variables [Classification],0,2,1,ChelsMe,self.datascience,Education
self.datascience,1,1,1,rmarmik,thinkslat.com,Education
Is it possible to randomize every value in a large dataset ?,1,2,1,twilightorange,self.datascience,Discussion
Non technical background,4,0,1,Ashamed_Chemical_207,self.datascience,Discussion
self.datascience,0,1,1,Snowi5,self.datascience,Career
Work as Data Analyst or Data engineer with a major on Data Scientist,0,6,1,Data_Nerd1979,self.datascience,Discussion
self.datascience,4,0,1,ApacheDoris,self.datascience,Projects
What exactly is a Prompt Engineer?,2,0,1,growth_man,moderndata101.substack.com,Education
self.datascience,1,0,1,swodtke,self.datascience,Discussion
LLM-Powered OLAP: the Tencent Experience with Apache Doris,2,0,1,JackOfFarts69,self.datascience,Career
self.datascience,169,59,1,collegedude444,self.datascience,Networking
"üí° Data Community Roundup: Designing Data Products Foundational Laws, Independent Papers, and Gripping Design Recipes",2,5,1,--leockl--,self.datascience,Discussion
moderndata101.substack.com,10,7,1,mindmech,self.datascience,Career
MinIO Erasure Code Lab,8,117,1,AutoModerator,self.datascience,Projects
self.datascience,1,0,1,cosmic_dozen,self.datascience,Career
Need advice for fresher going to work as a junior data scientist,0,0,1,Byeahbyeah,self.datascience,Career
self.datascience,35,27,1,zumba4lyf,self.datascience,Education
Data science at Tinder?,1,0,1,sortchatmetgreet,self.datascience,Career
self.datascience,0,1,1,SlickDrip69,i.redd.it,Projects
What‚Äôs the best practice in choosing which quantized Llama 2 model to use?,16,20,1,breakfastisnice123,self.datascience,Discussion
self.datascience,44,23,1,Tpy26,self.datascience,Career
Are there any data science jobs that involve field work?,4,3,1,Kooky-Nail-3743,self.datascience,Discussion
self.datascience,3,2,1,dimem16,self.datascience,Discussion
"Weekly Entering & Transitioning - Thread 18 Sep, 2023 - 25 Sep, 2023",6,10,1,reddituser378,self.datascience,Discussion
self.datascience,73,86,1,DataWizJesse,self.datascience,Discussion
US government seeking feedback on metadata schema and adoption of DCAT v3.0,1,0,1,SnooHesitations2050,self.datascience,Discussion
self.datascience,3,20,1,JTcyto,self.datascience,Career
Using data to manipulate psychologically,0,6,1,abril__rmz,self.datascience,Discussion
self.datascience,0,3,1,oniongarlic88,self.datascience,Discussion
How would you setup data for this to train in xgboost (binary classification),4,5,1,ConfidentBeard,self.datascience,Discussion
self.datascience,158,65,24,Ganda_urso,self.datascience,Career
How to close experiments ?,0,6,1,scarysticks0w,self.datascience,Career
self.datascience,0,13,1,Beneficial_Leg71,self.datascience,Discussion
"Data science is not for me, is it?",341,114,1,__compactsupport__,self.datascience,Discussion
self.datascience,2,4,1,WhiteShnoudi,self.datascience,Networking
Hacking in Data science?,2,4,1,DoctorBotcod,self.datascience,Education
self.datascience,2,8,1,Dr_Zeh,self.datascience,Discussion
"Is it ""ethical"" for a social media app to sell users personal data to advertisers without users explicit knowledge or consent, even though this is a significant source of revenue for the platform?",2,0,1,ramenmaster2021,youtube.com,Projects
self.datascience,6,5,1,daufoi21,self.datascience,Career
Some of you say ‚Äúlinear regression‚Äù like it‚Äôs a bad word,5,1,1,uncerta1n,self.datascience,Career
self.datascience,8,10,1,ml_dnn,self.datascience,Discussion
Need help networking!,8,1,1,Carlos_tec17,self.datascience,Education
self.datascience,7,21,1,Runningafterwonders,self.datascience,Discussion
Looking for resources,6,2,1,Careful_Engineer_700,self.datascience,Discussion
self.datascience,2,9,1,serpentna,self.datascience,Discussion
Books Recomendations for after ISLP,2,1,1,OldUtd,self.datascience,Discussion
self.datascience,2,0,1,you777f,self.datascience,Projects
Look at this visualisation of Momentum Strategy optimisation.It is mesmerising to see the parameters changing over time @.@,7,12,1,Round_Mammoth4458,self.datascience,Education
youtube.com,0,5,1,WhiteLionGr,self.datascience,Projects
How can I increase my chances of being hired in NYC?,2,0,1,Classic-Attitude2902,self.datascience,Discussion
"Ganimede, Jupyter Whiteboard",17,6,1,notsorealsanta,self.datascience,Projects
self.datascience,0,2,1,CGNacho,self.datascience,Discussion
Finance and Data science,5,6,1,Immediate_Goose4768,self.datascience,Career
self.datascience,30,34,1,John198777,self.datascience,Discussion
Masters in Computer Science or data science??,49,29,24,bernful,self.datascience,Career
self.datascience,0,2,1,RedditInSF123,self.datascience,Education
Do you often use models more complicated than multiple linear regression?,2,3,24,Level-Train1918,self.datascience,Discussion
self.datascience,411,142,1,MasterOfLegendes,i.redd.it,Career
Should I keep interviewing even after receiving a verbal offer?,0,7,1,kbabqiqja,self.datascience,Career
self.datascience,4,1,1,AFL_gains,self.datascience,Projects
Ideas for data science PhD dissertation,11,6,1,tanweer_m,self.datascience,Career
self.datascience,60,34,1,nazghash,self.datascience,Discussion
"Data analysts, How did your portfolio make a difference?",65,68,1,ExcuseNo6720,self.datascience,Discussion
self.datascience,159,86,1,Dump7,self.datascience,Discussion
What is he talking about? I am still learning.,175,66,1,Dead__Ego,self.datascience,Discussion
i.redd.it,4,13,1,OrganizationOk1116,self.datascience,Career
Startup Equity,5,11,1,Constant_Ad4915,self.datascience,Career
self.datascience,1,1,1,Tpy26,self.datascience,Discussion
Help! Correcting for selection bias,2,3,24,Techie_researcher,self.datascience,Tooling
self.datascience,28,20,1,Painter-Weekly,self.datascience,Career
Getting into the job market as the startup I working with is collapsing,2,5,1,Careful_Engineer_700,self.datascience,Projects
self.datascience,1,4,1,GloveDangerous6656,self.datascience,Projects
"What does ""production code"" mean to you?",2,14,1,josejo9423,self.datascience,Discussion
Team Discipline Survey,0,1,1,mathbbR,self.datascience,Discussion
self.datascience,0,0,1,databot_,self.datascience,Projects
Live demo: chat with a CSV file (Voila + JupySQL + DuckDB),5,2,1,kudos_22,self.datascience,Discussion
self.datascience,1,0,1,unknow_from_vietnam,self.datascience,Discussion
What tools can I use to make some interactive data visuals like this? Can someone give me an overall guideline?,2,4,1,Icy-Soft8406,self.datascience,Discussion
self.datascience,9,0,24,Muhammad_Gulfam,self.datascience,Discussion
[Discussion] How to generate post custom for each user ?,2,3,1,Gtex555,self.datascience,Discussion
self.datascience,9,10,1,custard182,self.datascience,Education
Correlation between product reviews and sales,0,0,1,Common_Protection667,self.datascience,Education
self.datascience,1,0,1,Mohammed_r_Zaid20,medium.com,Projects
What do I need to keep in mind while designing an AutoEncoder for Image segmentation,53,62,1,FreakedoutNeurotic98,self.datascience,Career
self.datascience,1,1,1,Secret_Pace_3015,self.datascience,Discussion
"databricks community edition upload ""rar"" file and extracting the data",28,10,1,convolutionality,self.datascience,Discussion
self.datascience,81,107,1,perguntando,self.datascience,Discussion
Recommended math resources to fill in knowledge gaps?,3,9,1,--leockl--,self.datascience,Discussion
self.datascience,0,8,1,Agrippa_17,self.datascience,Discussion
Check out the New Global Crypto Currency Price Database!,1,1,24,Ok_ash-13,self.datascience,Career
self.datascience,3,2,1,Free-Task8814,self.datascience,Career
Unleashing the Power of Data: Live Reports Page Empowers Global Response to the Devastating Danial‚Ä¶,0,0,1,RAFisherman,silvermineai.substack.com,Tooling
medium.com,7,1,1,Interesting_Chance31,self.datascience,Projects
Why is there almost no DS jobs for new graduates in the UK ?,25,48,24,smilodon138,self.datascience,Discussion
self.datascience,5,5,1,Entire_Sell6588,self.datascience,Career
Detect Price Sensitivity,10,4,1,wildCatInMass,self.datascience,Discussion
self.datascience,2,2,1,Fearless-Soup-2583,self.datascience,Career
How do you stay up to date? What are your favorite subscriptions?,1,2,1,capt_zen_petabyte,self.datascience,Discussion
"What is the appropriate statistical test to test the difference in average (mean) between two groups, while the group average is made up of individual averages?",6,12,1,Guyserbun007,self.datascience,Discussion
self.datascience,2,7,1,Key_Seaworthiness252,self.datascience,Projects
Help finding datasets,138,103,24,rosvend,self.datascience,Discussion
self.datascience,3,0,1,jarena009,self.datascience,Education
How much math do you really use at work?,1,36,24,happy30thbirthday,self.datascience,Career
self.datascience,2,2,1,lucidddf,self.datascience,Discussion
"What are good groups, sites, forums, etc to keep up with the latest and greatest in Data Science and Analytics in general?",2,0,1,aureliano_sexto,self.datascience,Projects
self.datascience,4,2,1,MountainIngenuity837,self.datascience,Career
Is there a point to online courses?,3,1,1,Sad_Emphasis_3632,self.datascience,Discussion
self.datascience,0,4,1,pach812,self.datascience,Career
Data Science for medical researches,4,1,1,Inevitable-Quality15,self.datascience,Career
self.datascience,1,0,1,intellectuallogician,self.datascience,Career
Best tool for creating an online survey,0,0,1,swodtke,blog.min.io,Discussion
